row,cluster
AOC1,cluster3
ICAM3,cluster3
TRAF3IP3,cluster3
PTPN7,cluster3
ADORA3_2,cluster3
LRMP,cluster3
TNFSF14,cluster3
TESC,cluster3
ADGRG5,cluster3
MPZL3,cluster3
STK17A,cluster3
P2RY10,cluster3
CAMK2G,cluster3
FAM65B,cluster3
ITGA2B,cluster3
DAPK2,cluster3
GAPT,cluster3
OXER1,cluster3
KIF21B,cluster3
DGKD,cluster3
DACH1,cluster3
SYTL1,cluster3
CYFIP2,cluster3
SEMA7A,cluster3
CD1C,cluster3
LGALS12,cluster3
TGFA,cluster3
FFAR3,cluster3
MMP12,cluster3
CD1A,cluster3
SEPT5,cluster3
CD1E,cluster3
ADAM28,cluster3
GPR82,cluster3
SLC18A2,cluster3
GFOD1,cluster3
SYNE1,cluster3
CD244,cluster3
ALOX15,cluster3
SLC24A3,cluster3
RAB44,cluster3
PRSS33,cluster3
PADI4,cluster3
CD24,cluster3
KCNH2,cluster3
TOX2,cluster3
ADGRG1,cluster3
GATA1,cluster3
RAB37,cluster3
SIGLEC8,cluster3
OLIG1,cluster3
PGLYRP1,cluster3
FAM101B,cluster3
CYP4F12,cluster3
B3GNT8,cluster3
PTGDR2,cluster3
GFI1B,cluster3
CLC,cluster3
CPLX2,cluster3
GATA2,cluster3
GIPR,cluster3
ADORA3_1,cluster3
EPN2,cluster3
PIP5K1B,cluster3
EFNB2,cluster3
PPP1R16B,cluster3
CISH,cluster3
PIM2,cluster3
HSH2D,cluster3
CCR3,cluster3
VSTM1,cluster3
CEBPE,cluster3
GGT5,cluster3
CHST15,cluster3
BTG2,cluster3
PIM1,cluster3
SYNE2,cluster3
FCER2,cluster3
TTC22,cluster3
ITM2A,cluster3
TREML2,cluster3
ADAM19,cluster3
MARCKSL1,cluster3
RUNX3,cluster3
KCNJ8,cluster3
SWAP70,cluster3
P2RY8,cluster3
SIAH2,cluster3
SLC16A14,cluster3
CD1B,cluster3
ADAM8,cluster3
SPNS3,cluster3
FAM102A,cluster3
RGL4,cluster3
ATP2A3,cluster3
XKR8,cluster3
FGD3,cluster3
LTC4S,cluster3
PIK3R6,cluster3
FFAR2,cluster3
OLFM2,cluster3
SOCS1,cluster3
R3HDM4,cluster3
C10orf54,cluster3
RASAL3,cluster3
ACAP1,cluster3
CORO1A,cluster3
LIMD2,cluster3
CD300LB,cluster3
CNKSR2,cluster3
CD209,cluster3
AMICA1,cluster3
SLCO3A1,cluster3
NCF1,cluster3
EPB41,cluster3
FRAT2,cluster3
DUS2,cluster3
CNR2,cluster3
SLC29A1,cluster3
LRRC17,cluster3
RAB11FIP4,cluster3
BHLHE40,cluster3
SNX20,cluster3
RNF216,cluster3
PIK3CD,cluster3
PLCB2,cluster3
FRAT1,cluster3
KLF2,cluster3
FAM43A,cluster3
CAMK1D,cluster3
NFE2,cluster3
TNFRSF12A,cluster3
TCN1,cluster3
SMPD3,cluster3
PLD4,cluster3
FAM101A,cluster3
PILRB,cluster3
CMTM8,cluster3
CDA,cluster3
P2RY2,cluster3
PHOSPHO1,cluster3
DENND3,cluster3
ZNF469,cluster3
GPR42,cluster3
TRERF1,cluster3
MMP25,cluster3
MBOAT7,cluster3
ITM2C,cluster3
IL6R,cluster3
PAK1,cluster3
CCND2,cluster3
BIK,cluster3
PDE4D,cluster3
YPEL3,cluster3
NBEAL2,cluster3
LINGO3,cluster3
MAP3K3,cluster3
ARL4C,cluster3
KDM4B,cluster3
HIP1,cluster3
NTNG2,cluster3
OLIG2,cluster3
AFF2,cluster3
MARCH8,cluster3
GRB10,cluster3
GAS2,cluster3
CCL17,cluster3
LFNG,cluster3
CCL22,cluster3
PIK3R1,cluster3
C9orf40,cluster3
SLCO4C1,cluster3
PYROXD2,cluster3
ZNF33A,cluster3
ADD3,cluster3
SLFN13,cluster3
CREB3L3,cluster3
NFATC2,cluster3
XYLT1,cluster3
SPNS2,cluster3
ADARB1,cluster3
SVIP,cluster3
GPR160,cluster3
CD69,cluster3
CSF2RB,cluster3
TRPM6,cluster3
PRDM1,cluster3
P2RY14,cluster3
CYLD,cluster3
TAF7,cluster3
CASS4,cluster3
RD3,cluster3
C21orf91,cluster3
TIAM2,cluster3
STARD10,cluster3
FBXL13,cluster3
TTC9,cluster3
RHOBTB3,cluster3
STAT5B,cluster3
IL5RA,cluster3
CPA3,cluster3
MYCT1,cluster3
FRY,cluster3
INADL,cluster3
WEE1,cluster3
ENTPD1,cluster3
TMEM154,cluster3
STX3,cluster3
STXBP5,cluster3
IL1RL1,cluster3
MCTP2,cluster3
LBR,cluster3
LPCAT2,cluster3
FRMD4B,cluster3
SUSD1,cluster3
CERK,cluster3
PPARA,cluster3
GNG2,cluster3
CERS4,cluster3
RUFY4,cluster3
BEGAIN,cluster3
PLCD3,cluster3
C1orf186,cluster3
SH3KBP1,cluster3
PSTPIP1,cluster3
NDUFAF6,cluster3
ACOX2,cluster3
ADGRG6,cluster3
FAM60A,cluster3
RNF144A,cluster3
RGS18,cluster3
FAM63A,cluster3
IL34,cluster3
SPATA9,cluster3
SRPK2,cluster3
IL17RB,cluster3
CHPT1,cluster3
CYTIP,cluster3
EMB,cluster3
PLXNC1,cluster3
CD200R1,cluster3
TMEM71,cluster3
IKZF1,cluster3
VCL,cluster3
CDC42SE2,cluster3
LPGAT1,cluster3
ST8SIA4,cluster3
GPR27,cluster3
STK38L,cluster3
ANKS1B,cluster3
ADGRG3,cluster3
PRR5L,cluster3
S1PR1,cluster3
SFXN1,cluster3
GSDMB,cluster3
ATP8B2,cluster3
MREG,cluster3
F5,cluster3
RNASE2,cluster3
GALNT3,cluster3
VAMP1,cluster3
CAMK4,cluster3
SLC39A8,cluster3
SLC35F2,cluster3
QPCT,cluster3
ASGR2,cluster3
TSPAN18,cluster3
PARM1,cluster3
TFEB,cluster3
CD96,cluster3
LRG1,cluster3
SLC35E1,cluster3
ZDHHC18,cluster3
CSF1,cluster3
RGL2,cluster3
PRDM5,cluster3
ZEB1,cluster3
AGPAT9,cluster3
IL3RA,cluster3
SNAI3,cluster3
COL23A1,cluster3
ARHGAP25,cluster3
TOX,cluster3
ARHGAP15,cluster3
RAB27A,cluster3
SLC40A1,cluster3
EGR3,cluster3
DBN1,cluster3
RGL1,cluster3
ENPP2,cluster3
GFRA2,cluster3
SMCHD1,cluster3
BLOC1S6,cluster3
FHL3,cluster3
RGS14,cluster3
CAMK1,cluster3
GLCCI1,cluster3
PTPRE,cluster3
FAM19A2,cluster3
IL16,cluster3
IGFBP6,cluster3
EEPD1,cluster3
COL4A1,cluster3
MARCH3,cluster3
CCDC186,cluster3
ZNF143,cluster3
LIMS1,cluster3
INPP5A,cluster3
CD226,cluster3
SP4,cluster3
OSBPL8,cluster3
ATP8B4,cluster3
SEMA4A,cluster3
PXN,cluster3
PGS1,cluster3
CCND1,cluster3
PRKCB,cluster3
AMPD3,cluster3
F13A1,cluster3
STK26,cluster3
IL1R2,cluster3
RCSD1,cluster3
ST6GAL1,cluster3
RASGRP3,cluster3
INPP5D,cluster3
ANKRD33B,cluster3
PTGS1,cluster3
C19orf35,cluster3
CBFA2T3,cluster3
ANTXR2,cluster3
HIF1A,cluster3
GPR183,cluster3
ECE1,cluster3
TPCN1,cluster3
ZFP36L2,cluster3
SEMA4D,cluster3
MAX,cluster3
FGL2,cluster3
PSTPIP2,cluster3
CNN2,cluster3
SULF2,cluster3
IL18R1,cluster3
PPP1R3B,cluster3
SUCNR1,cluster3
AJAP1,cluster3
MDS2,cluster3
FAM159A,cluster3
CDKN2D,cluster3
SUSD3,cluster3
MKL1,cluster3
HIST1H1C,cluster3
HRASLS5,cluster3
FANCF,cluster3
MS4A3,cluster3
HDC,cluster3
ZBTB18,cluster3
OBFC1,cluster3
FAM124B,cluster3
C11orf21,cluster3
CDC42SE1,cluster3
MS4A2,cluster3
SGK1,cluster3
CCL2,cluster3
S100Z,cluster3
TPSAB1,cluster3
TMEM216,cluster3
CDK6,cluster3
PKIB,cluster3
CYP4F3,cluster3
BIRC3,cluster3
RAB33A,cluster3
CLEC10A,cluster3
ABCA6,cluster3
TESPA1,cluster3
RHOH,cluster3
IFITM1,cluster3
GAS6,cluster3
ABTB1,cluster3
TSGA10IP,cluster3
CLEC4G,cluster3
SIGLEC10,cluster3
MSRB3,cluster3
ASB2,cluster3
CCDC69,cluster3
RBM38,cluster3
ARHGAP9,cluster3
EHD1,cluster3
IER2,cluster3
AKNA,cluster3
LTB,cluster3
TCF4,cluster3
ZNRF1,cluster3
IL2RA,cluster3
SEPT1,cluster3
ETS1,cluster3
NLRC5,cluster3
CHD3,cluster3
DGKA,cluster3
HMHA1,cluster3
CIB2,cluster3
NT5DC2,cluster3
NDRG2,cluster3
GPR132,cluster3
SMAGP,cluster3
ETV5,cluster3
TRABD,cluster3
EFR3B,cluster3
LYL1,cluster3
IKZF4,cluster3
COL18A1,cluster3
CTNS,cluster3
CCDC88B,cluster3
FURIN,cluster3
DEF6,cluster3
TSEN54,cluster3
PBXIP1,cluster3
HCLS1,cluster3
ERN1,cluster3
TCF7,cluster3
HRH2,cluster3
STMN3,cluster3
FCMR,cluster3
C19orf38,cluster3
CTDSP1,cluster3
GPR35,cluster3
NINJ1,cluster3
OCIAD2,cluster3
ARAP3,cluster3
ARID3A,cluster3
PPP1R14A,cluster3
AGMAT,cluster3
SLC9A3R1,cluster3
HDAC1,cluster3
PANX2,cluster3
SEMA3B,cluster3
HLX,cluster3
FCER1A,cluster3
PADI2,cluster3
NCK2,cluster3
ANKRD55,cluster3
COL9A3,cluster3
PTRF,cluster3
CKAP4,cluster3
CHST13,cluster3
SLC2A1,cluster3
ACPP,cluster3
ITGAM,cluster3
ZNF507,cluster3
TMEM156,cluster3
MED10,cluster3
CLEC17A,cluster3
SETBP1,cluster3
SCRN1,cluster3
SGPP2,cluster3
MED14,cluster3
CCDC136,cluster3
MYH3,cluster3
TYK2,cluster3
CCL26,cluster3
PLCL2,cluster3
XPNPEP2,cluster3
THBS4,cluster3
MFAP4,cluster3
PRSS27,cluster3
CA4,cluster3
SLC7A1,cluster3
CHD7,cluster3
ARHGEF6,cluster3
SORL1,cluster3
C14orf37,cluster3
RUNX2,cluster3
PDE7A,cluster3
LCP2,cluster3
HELB,cluster3
CACNG6,cluster3
GPR34,cluster3
NHSL2,cluster3
NDFIP2,cluster3
RASSF2,cluster3
RNF24,cluster3
RAB3D,cluster3
MBOAT2,cluster3
SMIM1,cluster3
BNC2,cluster3
ZNF652,cluster3
SLAMF6,cluster3
TSPAN16,cluster3
RAP1GAP2,cluster3
BRI3BP,cluster3
ACKR2,cluster3
TES,cluster3
TACC1,cluster3
IKZF3,cluster3
ZNF641,cluster3
VENTX,cluster3
COA1,cluster3
CRH,cluster3
DEPDC5,cluster3
PGM2,cluster3
SPTBN1,cluster3
CRLF3,cluster3
TRIM36,cluster3
TPST1,cluster3
GCSAML,cluster3
ITPRIP,cluster3
GALNT10,cluster3
ATP6V0A2,cluster3
SRPK1,cluster3
THOC5,cluster3
TNFAIP8L1,cluster3
ETAA1,cluster3
UNKL,cluster2
NOV,cluster2
CHST11,cluster2
CSK,cluster2
C1orf54,cluster2
KCNK17,cluster2
SHD,cluster2
DNAJB11,cluster2
RFTN1,cluster2
CLEC2D,cluster2
LBH,cluster2
CST7,cluster2
CD48,cluster2
IL9R,cluster2
GPR146,cluster2
TAGAP,cluster2
FOXP3,cluster2
HOXA9,cluster2
ORMDL3,cluster2
APBB1IP,cluster2
SPINT2,cluster2
RNASE1,cluster2
VSIG1,cluster2
BPI,cluster2
PTPRS,cluster2
ACOT11,cluster2
BASP1,cluster2
CD84,cluster2
NUP50,cluster2
JCHAIN,cluster2
SLC7A5,cluster2
IL22RA2,cluster2
RAB40C,cluster2
MRC2,cluster2
PREX1,cluster2
RAMP1,cluster2
OGG1,cluster2
KIAA1462,cluster2
TLE4,cluster2
ADCY4,cluster2
TBC1D1,cluster2
XPO6,cluster2
KMT2A,cluster2
MEX3C,cluster2
BTNL8,cluster2
SATB1,cluster2
P2RX5,cluster2
IL13,cluster2
MAGEF1,cluster2
CECR6,cluster2
WNT5A,cluster2
KHDRBS3,cluster2
FAM117A,cluster2
SELL,cluster2
CCDC88C,cluster2
SPECC1,cluster2
GPR174,cluster2
FOXI1,cluster2
MSI2,cluster2
MEI1,cluster2
LRIG1,cluster2
RASAL1,cluster2
UCK2,cluster2
S100B,cluster2
RLTPR,cluster2
BCL11B,cluster2
CD3G,cluster2
IL1RL2,cluster2
IL17RA,cluster2
PTGDS,cluster2
VPREB3,cluster2
HIC1,cluster2
PRKD2,cluster2
PLEKHO1,cluster2
KCNK6,cluster2
MATK,cluster2
SPIB,cluster2
CD207,cluster2
CCL13,cluster2
PSIP1,cluster2
CACNA1I,cluster2
GAREML,cluster2
MEST,cluster2
RASA3,cluster2
ASAP2,cluster2
ECM1,cluster2
ZNF853,cluster2
TNK1,cluster2
BACH2,cluster2
TNFSF11,cluster2
RASD1,cluster2
LRP5,cluster2
C10orf105,cluster2
TMCC2,cluster2
GPR65,cluster2
LYRM1,cluster2
EAF2,cluster2
SEPT7,cluster2
DAZAP2,cluster2
KIF21A,cluster2
DNASE1L3,cluster2
DSC2,cluster2
STK4,cluster2
FOXN2,cluster2
CELF2,cluster2
IKZF2,cluster2
CCNG2,cluster2
BLM,cluster2
IGF1R,cluster2
RCOR3,cluster2
PAK2,cluster2
SERINC5,cluster2
ITPKB,cluster2
DPPA4,cluster2
SAG,cluster2
MTL5,cluster2
NRROS,cluster2
ARHGEF40,cluster2
MYO18A,cluster2
NOTCH1,cluster2
TET2,cluster2
CPT1A,cluster2
CBX6,cluster2
ITGAX,cluster2
GID8,cluster2
TMEM164,cluster2
SETD1B,cluster2
PLP2,cluster2
ULK1,cluster2
ETV6,cluster2
PSD4,cluster2
SUSD6,cluster2
JARID2,cluster2
IFITM2,cluster2
HIST1H2BD,cluster2
UGT2B11,cluster2
CDK15,cluster2
BAHCC1,cluster2
PPP1R18,cluster2
TNIP1,cluster2
TATDN2,cluster2
HRH4,cluster2
AXIN1,cluster2
GATS,cluster2
REPS2,cluster2
LTB4R,cluster2
C16orf74,cluster2
MFSD6L,cluster2
CACNG8,cluster2
RHOF,cluster2
RNASE6,cluster2
SLC45A3,cluster2
CCR4,cluster2
CXCR4,cluster2
TMEM176A,cluster2
KLRB1,cluster2
HIST1H4H,cluster2
STAT4,cluster2
APAF1,cluster2
SLC25A37,cluster2
TET3,cluster2
ST20,cluster2
SLC9A9,cluster2
HS3ST3B1,cluster2
CYBRD1,cluster2
FCHSD2,cluster2
ADM,cluster2
RAPGEF6,cluster2
ITPRIPL1,cluster2
MED13L,cluster2
UBAC2,cluster2
RYBP,cluster2
ID2,cluster2
ATP1A3,cluster2
TP53INP1,cluster2
RALGAPA2,cluster2
FLVCR1,cluster2
CHSY1,cluster2
MGAM,cluster2
ANKRD44,cluster2
MXD1,cluster2
PDK1,cluster2
TRIB1,cluster2
ITGA6,cluster2
EIF4E3,cluster2
BCL7A,cluster2
LMNB1,cluster2
DIP2A,cluster2
INPP1,cluster2
CYB5R4,cluster2
STRBP,cluster2
NEB,cluster2
TADA2B,cluster2
LIG3,cluster2
ZNRF3,cluster2
ATP11B,cluster2
ANKRD13A,cluster2
CACNB2,cluster2
FNBP1L,cluster2
ENO2,cluster2
ANKH,cluster2
ADHFE1,cluster2
SORD,cluster2
GSE1,cluster2
SLC5A9,cluster2
SOCS2,cluster2
HMGB2,cluster2
FLNB,cluster2
SAPCD2,cluster2
BOD1L1,cluster2
PIGC,cluster2
METTL25,cluster2
TOPBP1,cluster2
JADE1,cluster2
PDZD8,cluster2
N4BP2,cluster2
LCOR,cluster2
CD164L2,cluster2
COLGALT2,cluster2
CERKL,cluster2
LMO7,cluster2
ARMT1,cluster2
ATL2,cluster2
SNRK,cluster2
GALNT18,cluster2
SLC13A3,cluster2
HMGN1,cluster2
INPP4B,cluster2
DRC7,cluster2
EMP1,cluster2
AP1S2,cluster2
SLC38A6,cluster2
JAZF1,cluster2
STAG3L5P-PVRIG2P-PILRB,cluster2
TPM3,cluster2
PHF20L1,cluster2
WIPF1,cluster2
SUB1,cluster2
KMT2E,cluster2
FAM49B,cluster2
TNFAIP8,cluster2
ELOVL5,cluster2
GPR171,cluster2
ZNF395,cluster2
BANK1,cluster2
MYL9,cluster2
C16orf54,cluster2
RNF145,cluster2
CDC14A,cluster2
SLC38A1,cluster2
RASGRP1,cluster2
SLC20A1,cluster2
FLT1,cluster2
ERP27,cluster2
CD93,cluster2
VDR,cluster2
C1orf106,cluster2
HID1,cluster2
JAK1,cluster2
WAC,cluster2
PHEX,cluster2
SNAP23,cluster2
PLCG2,cluster2
PRPF38A,cluster2
TXK,cluster2
TNFRSF10C,cluster2
IFNAR2,cluster2
SLC7A11,cluster2
KDM7A,cluster2
LEF1,cluster2
TM4SF1,cluster2
HIST2H2BE,cluster2
BTBD18,cluster2
FLT3,cluster2
ENHO,cluster2
SHC4,cluster2
ZNF300,cluster2
TMCC3,cluster2
RFX3,cluster2
CCNL2,cluster2
ZNF296,cluster2
ITGB7,cluster2
TUBA4A,cluster2
GALM,cluster2
LY9,cluster2
HIP1R,cluster2
HYAL3,cluster2
HIST1H2AC,cluster2
CDC123,cluster2
AP4S1,cluster2
ARNTL,cluster2
SCLT1,cluster2
SMC3,cluster2
SECISBP2,cluster2
LPIN1,cluster2
PXK,cluster2
MXI1,cluster2
ABTB2,cluster2
SLC26A11,cluster2
USP20,cluster2
RPS6KA2,cluster2
TMEM38A,cluster2
NIPSNAP3B,cluster2
SYCP2,cluster2
PRCP,cluster2
NLRP12,cluster2
ANXA2R,cluster2
KIAA0040,cluster2
LRP8,cluster2
ZNF830,cluster2
TM6SF1,cluster2
GMEB1,cluster2
NDE1,cluster2
F2RL1,cluster2
TKTL1,cluster2
USP7,cluster2
ST6GALNAC3,cluster2
ARHGAP4,cluster2
MYO1F,cluster2
TTYH3,cluster2
PPM1F,cluster2
HIST1H2BJ,cluster2
CTSE,cluster2
AEBP1,cluster2
CHKA,cluster2
HAMP,cluster2
RNF19B,cluster2
PLA2G7,cluster2
SIPA1,cluster2
SPON1,cluster2
FZD2,cluster2
UCHL1,cluster2
ICAM5,cluster2
FBRSL1,cluster2
FES,cluster2
SEMA4C,cluster2
ZNF101,cluster2
NLRC3,cluster2
IL18RAP,cluster2
TMEM120A,cluster2
SLA2,cluster2
TBCC,cluster2
C1orf228,cluster2
CD300A,cluster2
NKD1,cluster2
NPDC1,cluster2
GIMAP7,cluster2
TNFSF8,cluster2
ANXA6,cluster2
XXYLT1,cluster2
AK4,cluster2
GIMAP5,cluster2
GRASP,cluster2
SLC7A6,cluster2
FPR3,cluster2
IDO1,cluster2
MERTK,cluster2
EPHB3,cluster2
TMEM37,cluster2
TDRD6,cluster2
C22orf29,cluster2
MAPK13,cluster2
PRR7,cluster2
GNG7,cluster2
SSBP3,cluster2
CEP85L,cluster2
VBP1,cluster2
NBPF14,cluster2
DERL3,cluster2
C9orf89,cluster2
METRNL,cluster2
C15orf39,cluster2
SAP30BP,cluster2
SSBP2,cluster2
KIAA0430,cluster2
ADAM22,cluster2
NCF4,cluster2
LST1,cluster2
MSRB1,cluster2
PTGER2,cluster2
CCR2,cluster2
CYP1B1,cluster2
FCGR2B,cluster2
PTP4A3,cluster2
GYS1,cluster2
MAP3K14,cluster2
MYC,cluster2
SLC36A1,cluster2
GAL3ST4,cluster2
OAF,cluster2
NRIP3,cluster2
LYSMD1,cluster2
IRF4,cluster2
SERPINB9,cluster2
CCL7,cluster2
CSGALNACT1,cluster2
MARCKS,cluster2
FAM198B,cluster2
STAB1,cluster2
KCTD15,cluster2
PACSIN1,cluster2
CMKLR1,cluster2
TMEM176B,cluster2
TIGIT,cluster2
LILRA1,cluster2
FUBP1,cluster2
EPHB1,cluster2
TNFRSF25,cluster2
IL21R,cluster2
CLIC3,cluster2
TCL1A,cluster2
LRRC26,cluster2
LGALS2,cluster2
MMP9,cluster2
FYB,cluster2
CCR5,cluster2
FAM20A,cluster2
IER3,cluster2
P2RY6,cluster2
ELK3,cluster2
ABLIM1,cluster2
LSR,cluster2
JAK3,cluster2
CD28,cluster2
OXCT1,cluster2
PAPSS2,cluster2
FCRLB,cluster2
HSD11B1,cluster2
PPCDC,cluster2
PTAFR,cluster2
TRIM47,cluster2
TIGD3,cluster2
SLCO4A1,cluster2
MAFB,cluster2
MEOX1,cluster2
FBXL22,cluster2
MEGF6,cluster2
DAGLB,cluster2
AFF3,cluster2
PLCXD2,cluster2
SCN9A,cluster2
EIF4G3,cluster2
FMN1,cluster2
BIN2,cluster2
ZC3H12C,cluster2
SNX22,cluster2
CA8,cluster2
ABCC1,cluster2
CDR2,cluster2
MED22,cluster2
TNFRSF11A,cluster2
TLR6,cluster2
CLEC4C,cluster2
MYCL,cluster2
NUAK2,cluster2
SMIM3,cluster2
TMEM2,cluster2
SRGAP3,cluster2
NGFR,cluster2
MTUS2,cluster2
SLC2A13,cluster2
WDR82,cluster2
PFKFB4,cluster2
EGLN3,cluster2
DGCR2,cluster2
SMAD3,cluster2
PATZ1,cluster2
TTC39A,cluster2
TIGD1,cluster2
MAML1,cluster2
RTKN2,cluster2
TSSK4,cluster2
PALLD,cluster2
HLA-DOB,cluster2
CPNE5,cluster2
FADS2,cluster2
FUT7,cluster2
CD79A,cluster2
PI16,cluster2
KCNK5,cluster2
KIT,cluster2
CMTM1,cluster2
PHKG2,cluster2
ASB8,cluster2
RNASE3,cluster2
LAMP5,cluster2
SFTPA2,cluster2
MS4A6E,cluster2
DKK3,cluster2
SLC35F3,cluster2
A2M,cluster2
WSB2,cluster2
CUX2,cluster2
ZNF556,cluster2
CDIP1,cluster2
KIAA0930,cluster2
HELZ2,cluster2
TLR10,cluster2
MIDN,cluster2
MAPK3,cluster2
PBX2,cluster2
FNBP1,cluster2
WAS,cluster2
MICAL2,cluster2
MPO,cluster2
HCG27,cluster2
HIST1H2BK,cluster2
CCNJL,cluster2
TAL1,cluster2
NEFL,cluster2
SMOC1,cluster2
FSCN1,cluster2
REM2,cluster2
SLC12A3,cluster2
RGAG4,cluster2
TUBB3,cluster2
KY,cluster2
NTRK1,cluster2
MMP11,cluster2
SLC35G1,cluster1
KIAA1549,cluster1
MPPE1,cluster1
GCLM,cluster1
CNKSR1,cluster1
SAXO2,cluster1
C1orf189,cluster1
PPP1R12A,cluster1
ANP32E,cluster1
TRIM13,cluster1
RALGPS2,cluster1
MEAF6,cluster1
DUOX1,cluster1
HIPK1,cluster1
FGFR2,cluster1
VAV3,cluster1
TCTEX1D1,cluster1
THUMPD1,cluster1
EXPH5,cluster1
ASAP1,cluster1
DCDC2B,cluster1
SLK,cluster1
ARID2,cluster1
NFATC3,cluster1
ZCCHC10,cluster1
VRK1,cluster1
TPP2,cluster1
NHLRC2,cluster1
GNAI3,cluster1
NRAS,cluster1
ERO1L,cluster1
ESRP1,cluster1
ANGPTL5,cluster1
RBM20,cluster1
EYA1,cluster1
TAB3,cluster1
DBNDD1,cluster1
FAM83F,cluster1
ADCY2,cluster1
C22orf23,cluster1
FAM19A3,cluster1
PKDREJ,cluster1
BMPR1B,cluster1
FAM107A,cluster1
GALNT1,cluster1
SPIN4,cluster1
GPX2,cluster1
ACTR3,cluster1
CBR4,cluster1
RAD21,cluster1
MAML3,cluster1
ZNF708,cluster1
ANXA9,cluster1
MEF2C,cluster1
DHRS9,cluster1
INPP5B,cluster1
SLX4,cluster1
ZNF284,cluster1
NR2C2,cluster1
LRRK1,cluster1
ANPEP,cluster1
S100P,cluster1
SIKE1,cluster1
FOXN3,cluster1
ANP32A,cluster1
YTHDC1,cluster1
RSBN1L,cluster1
BRWD3,cluster1
KLF12,cluster1
PRPF38B,cluster1
MED28,cluster1
CBX5,cluster1
ARHGAP19,cluster1
KIAA2018,cluster1
PSMC6,cluster1
USP31,cluster1
ARF6,cluster1
CDV3,cluster1
SYCP2L,cluster1
MTHFD2,cluster1
MAF,cluster1
SYNE3,cluster1
GLTSCR1L,cluster1
DDX17,cluster1
PPP3CA,cluster1
CKLF,cluster1
ACVR1B,cluster1
KLHL32,cluster1
DUOX2,cluster1
FAM76B,cluster1
EPM2AIP1,cluster1
ALS2,cluster1
ZNF709,cluster1
AGO2,cluster1
FOXP2,cluster1
C11orf30,cluster1
BRAF,cluster1
CNR1,cluster1
TNRC6B,cluster1
IL22RA1,cluster1
USP1,cluster1
PDZD2,cluster1
CLCA1,cluster1
TRIM24,cluster1
ZNF518B,cluster1
NIN,cluster1
LYST,cluster1
KAT6A,cluster1
PLD6,cluster1
CFAP45,cluster1
NINL,cluster1
FHL2,cluster1
SCARF2,cluster1
ZWILCH,cluster1
CDC14B,cluster1
TLR3,cluster1
EPB41L2,cluster1
CHN1,cluster1
CLU,cluster1
PALMD,cluster1
DTHD1,cluster1
RGS22,cluster1
TTC16,cluster1
IGFBP5,cluster1
FAM149A,cluster1
C9orf135,cluster1
SERPINB2,cluster1
HACD2,cluster1
PTAR1,cluster1
RSRP1,cluster1
ZNF644,cluster1
IRAK4,cluster1
TMEM41B,cluster1
KANK1,cluster1
TOP2B,cluster1
BTAF1,cluster1
GMEB2,cluster1
PRIMPOL,cluster1
TMEM55A,cluster1
PMP22,cluster1
GABPB2,cluster1
BTN2A1,cluster1
HPCAL4,cluster1
CRYM,cluster1
TP53BP2,cluster1
CHD1,cluster1
MT3,cluster1
TAPT1,cluster1
MYO1B,cluster1
C1orf101,cluster1
ATXN7L1,cluster1
TNRC6C,cluster1
NSD1,cluster1
CLEC19A,cluster1
TIMP3,cluster1
ANXA8,cluster1
NKPD1,cluster1
SERPINB11,cluster1
BCORL1,cluster1
FAM175A,cluster1
NEDD4L,cluster1
BCOR,cluster1
PELI2,cluster1
MGME1,cluster1
HIST1H4I,cluster1
EEF2K,cluster1
ZNF792,cluster1
DOCK5,cluster1
CEP19,cluster1
FAM168B,cluster1
KIAA1109,cluster1
MED1,cluster1
PRR14L,cluster1
MLLT11,cluster1
AUNIP,cluster1
BACE2,cluster1
ADGRE2,cluster1
GHRL,cluster1
ATP2B4,cluster1
IL1R1,cluster1
HGF,cluster1
EPOR,cluster1
IFT80,cluster1
HSPG2,cluster1
PPP1R21,cluster1
LAMP3,cluster1
MRFAP1L1,cluster1
SNCA,cluster1
MS4A6A,cluster1
ZNF33B,cluster1
ABCC5,cluster1
NRG1,cluster1
MYO5C,cluster1
DIP2B,cluster1
ABCC4,cluster1
HES6,cluster1
OTUD7B,cluster1
AREL1,cluster1
SEC14L1,cluster1
SGPL1,cluster1
DNTTIP2,cluster1
ATAD2B,cluster1
STRADA,cluster1
TGIF2,cluster1
RIMKLA,cluster1
PHF12,cluster1
MZT2A,cluster1
MMP17,cluster1
ASCL2,cluster1
KCNAB3,cluster1
CYP2B6,cluster1
SLC30A4,cluster1
SGTB,cluster1
DDX26B,cluster1
CLECL1,cluster1
C3orf58,cluster1
KRT7,cluster1
NSMF,cluster1
RASGRF1,cluster1
MOB3A,cluster1
HBB,cluster1
CYB561D1,cluster1
FAM129C,cluster1
LRFN1,cluster1
FAM198A,cluster1
RET,cluster1
TFPI,cluster1
RGS2,cluster1
IREB2,cluster1
FGD4,cluster1
IL10,cluster1
SELENBP1,cluster1
STK33,cluster1
ANKRD45,cluster1
CCDC181,cluster1
LYPD6B,cluster1
CCDC114,cluster1
PCDH1,cluster1
TUBA4B,cluster1
RSPH4A,cluster1
RARB,cluster1
DYDC2,cluster1
NEK10,cluster1
DNAI1,cluster1
CHST9,cluster1
SOS2,cluster1
GXYLT1,cluster1
APOD,cluster1
HYDIN,cluster1
CNOT8,cluster1
SSR1,cluster1
TGFBR1,cluster1
BRWD1,cluster1
ATP13A3,cluster1
ZNF281,cluster1
TSPAN19,cluster1
TSPAN8,cluster1
PCTP,cluster1
TEX26,cluster1
FAM84A,cluster1
NEDD1,cluster1
NET1,cluster1
SLC25A48,cluster1
SRD5A2,cluster1
KBTBD11,cluster1
UHRF2,cluster1
RFFL,cluster1
FBXL4,cluster1
VPS4B,cluster1
CASP2,cluster1
L2HGDH,cluster1
RC3H1,cluster1
SLC12A6,cluster1
PIGR,cluster1
CYP4X1,cluster1
PRSS12,cluster1
PLA2G10,cluster1
ABCA4,cluster1
DZIP1,cluster1
USH1C,cluster1
SLC2A12,cluster1
STEAP2,cluster1
CLDN8,cluster1
ZNF134,cluster1
PTBP2,cluster1
WNK2,cluster1
ADH1C,cluster1
PITX1,cluster1
SLC30A1,cluster1
CA3,cluster1
KRT1,cluster1
U2AF1,cluster1
USPL1,cluster1
PITPNM3,cluster1
